first_name,last_name
Wilbert,Romero
Iggie,Chumley
Iggie,Liggins
Iggie,Simpole
Major,Simpole
Lissy,Dumingo
Anne,Skeech
Anne,Eaglesham
Anne,Speedy
Elise,Eaglesham
Tandi,Speedy
Wilbert,Romero
Iggie,Chumley
Iggie,Liggins
Iggie,Simpole
Major,Simpole
Lissy,Dumingo
Anne,Skeech
Anne,Eaglesham
Anne,Speedy
Elise,Eaglesham
Tandi,Speedy
Wilbert,Romero
Iggie,Chumley
Iggie,Liggins
Iggie,Simpole
Major,Simpole
Lissy,Dumingo
Anne,Skeech
Anne,Eaglesham
Anne,Speedy
Elise,Eaglesham
Tandi,Speedy
Wilbert,Romero
Iggie,Chumley
Iggie,Liggins
Iggie,Simpole
Major,Simpole
Lissy,Dumingo
Anne,Skeech
Anne,Eaglesham
Anne,Speedy
Elise,Eaglesham
Tandi,Speedy
Wilbert,Romero
Iggie,Chumley
Iggie,Liggins
Iggie,Simpole
Major,Simpole
Lissy,Dumingo
Anne,Skeech
Anne,Eaglesham
Anne,Speedy
Elise,Eaglesham
Tandi,Speedy
Wilbert,Romero
Iggie,Chumley
Iggie,Liggins
Iggie,Simpole
Major,Simpole
Lissy,Dumingo
Anne,Skeech
Anne,Eaglesham
Anne,Speedy
Elise,Eaglesham
Tandi,Speedy
Wilbert,Romero
Iggie,Chumley
Iggie,Liggins
Iggie,Simpole
Major,Simpole
Lissy,Dumingo
Anne,Skeech
Anne,Eaglesham
Anne,Speedy
Elise,Eaglesham
Tandi,Speedy
Wilbert,Romero
Iggie,Chumley
Iggie,Liggins
Iggie,Simpole
Major,Simpole
Lissy,Dumingo
Anne,Skeech
Anne,Eaglesham
Anne,Speedy
Elise,Eaglesham
Tandi,Speedy
Wilbert,Romero
Iggie,Chumley
Iggie,Liggins
Iggie,Simpole
Major,Simpole
Lissy,Dumingo
Anne,Skeech
Anne,Eaglesham
Anne,Speedy
Elise,Eaglesham
Tandi,Speedy
Wilbert,Romero
Iggie,Chumley
Iggie,Liggins
Iggie,Simpole
Major,Simpole
Lissy,Dumingo
Anne,Skeech
Anne,Eaglesham
Anne,Speedy
Elise,Eaglesham
Tandi,Speedy
Wilbert,Romero
Iggie,Chumley
Iggie,Liggins
Iggie,Simpole
Major,Simpole
Lissy,Dumingo
Anne,Skeech
Anne,Eaglesham
Anne,Speedy
Elise,Eaglesham
Tandi,Speedy
Wilbert,Romero
Iggie,Chumley
Iggie,Liggins
Iggie,Simpole
Major,Simpole
Lissy,Dumingo
Anne,Skeech
Anne,Eaglesham
Anne,Speedy
Elise,Eaglesham
Tandi,Speedy
Wilbert,Romero
Iggie,Chumley
Iggie,Liggins
Iggie,Simpole
Major,Simpole
Lissy,Dumingo
Anne,Skeech
Anne,Eaglesham
Anne,Speedy
Elise,Eaglesham
Tandi,Speedy
Wilbert,Romero
Iggie,Chumley
Iggie,Liggins
Iggie,Simpole
Major,Simpole
Lissy,Dumingo
Anne,Skeech
Anne,Eaglesham
Anne,Speedy
Elise,Eaglesham
Tandi,Speedy
Wilbert,Romero
Iggie,Chumley
Iggie,Liggins
Iggie,Simpole
Major,Simpole
Lissy,Dumingo
Anne,Skeech
Anne,Eaglesham
Anne,Speedy
Elise,Eaglesham
Tandi,Speedy
Wilbert,Romero
Iggie,Chumley
Iggie,Liggins
Iggie,Simpole
Major,Simpole
Lissy,Dumingo
Anne,Skeech
Anne,Eaglesham
Anne,Speedy
Elise,Eaglesham
Tandi,Speedy
Wilbert,Romero
Iggie,Chumley
Iggie,Liggins
Iggie,Simpole
Major,Simpole
Lissy,Dumingo
Anne,Skeech
Anne,Eaglesham
Anne,Speedy
Elise,Eaglesham
Tandi,Speedy
Wilbert,Romero
Iggie,Chumley
Iggie,Liggins
Iggie,Simpole
Major,Simpole
Lissy,Dumingo
Anne,Skeech
Anne,Eaglesham
Anne,Speedy
Elise,Eaglesham
Tandi,Speedy
Wilbert,Romero
Iggie,Chumley
Iggie,Liggins
Iggie,Simpole
Major,Simpole
Lissy,Dumingo
Anne,Skeech
Anne,Eaglesham
Anne,Speedy
Elise,Eaglesham
Tandi,Speedy
Wilbert,Romero
Iggie,Chumley
Iggie,Liggins
Iggie,Simpole
Major,Simpole
Lissy,Dumingo
Anne,Skeech
Anne,Eaglesham
Anne,Speedy
Elise,Eaglesham
Tandi,Speedy
Wilbert,Romero
Iggie,Chumley
Iggie,Liggins
Iggie,Simpole
Major,Simpole
Lissy,Dumingo
Anne,Skeech
Anne,Eaglesham
Anne,Speedy
Elise,Eaglesham
Tandi,Speedy
Wilbert,Romero
Iggie,Chumley
Iggie,Liggins
Iggie,Simpole
Major,Simpole
Lissy,Dumingo
Anne,Skeech
Anne,Eaglesham
Anne,Speedy
Elise,Eaglesham
Tandi,Speedy
Wilbert,Romero
Iggie,Chumley
Iggie,Liggins
Iggie,Simpole
Major,Simpole
Lissy,Dumingo
Anne,Skeech
Anne,Eaglesham
Anne,Speedy
Elise,Eaglesham
Tandi,Speedy
Wilbert,Romero
Iggie,Chumley
Iggie,Liggins
Iggie,Simpole
Major,Simpole
Lissy,Dumingo
Anne,Skeech
Anne,Eaglesham
Anne,Speedy
Elise,Eaglesham
Tandi,Speedy
Wilbert,Romero
Iggie,Chumley
Iggie,Liggins
Iggie,Simpole
Major,Simpole
Lissy,Dumingo
Anne,Skeech
Anne,Eaglesham
Anne,Speedy
Elise,Eaglesham
Tandi,Speedy
Wilbert,Romero
Iggie,Chumley
Iggie,Liggins
Iggie,Simpole
Major,Simpole
Lissy,Dumingo
Anne,Skeech
Anne,Eaglesham
Anne,Speedy
Elise,Eaglesham
Tandi,Speedy
Wilbert,Romero
Iggie,Chumley
Iggie,Liggins
Iggie,Simpole
Major,Simpole
Lissy,Dumingo
Anne,Skeech
Anne,Eaglesham
Anne,Speedy
Elise,Eaglesham
Tandi,Speedy
Wilbert,Romero
Iggie,Chumley
Iggie,Liggins
Iggie,Simpole
Major,Simpole
Lissy,Dumingo
Anne,Skeech
Anne,Eaglesham
Anne,Speedy
Elise,Eaglesham
Tandi,Speedy
Wilbert,Romero
Iggie,Chumley
Iggie,Liggins
Iggie,Simpole
Major,Simpole
Lissy,Dumingo
Anne,Skeech
Anne,Eaglesham
Anne,Speedy
Elise,Eaglesham
Tandi,Speedy
Wilbert,Romero
Iggie,Chumley
Iggie,Liggins
Iggie,Simpole
Major,Simpole
Lissy,Dumingo
Anne,Skeech
Anne,Eaglesham
Anne,Speedy
Elise,Eaglesham
Tandi,Speedy
Wilbert,Romero
Iggie,Chumley
Iggie,Liggins
Iggie,Simpole
Major,Simpole
Lissy,Dumingo
Anne,Skeech
Anne,Eaglesham
Anne,Speedy
Elise,Eaglesham
Tandi,Speedy
Wilbert,Romero
Iggie,Chumley
Iggie,Liggins
Iggie,Simpole
Major,Simpole
Lissy,Dumingo
Anne,Skeech
Anne,Eaglesham
Anne,Speedy
Elise,Eaglesham
Tandi,Speedy
Wilbert,Romero
Iggie,Chumley
Iggie,Liggins
Iggie,Simpole
Major,Simpole
Lissy,Dumingo
Anne,Skeech
Anne,Eaglesham
Anne,Speedy
Elise,Eaglesham
Tandi,Speedy
Wilbert,Romero
Iggie,Chumley
Iggie,Liggins
Iggie,Simpole
Major,Simpole
Lissy,Dumingo
Anne,Skeech
Anne,Eaglesham
Anne,Speedy
Elise,Eaglesham
Tandi,Speedy
Wilbert,Romero
Iggie,Chumley
Iggie,Liggins
Iggie,Simpole
Major,Simpole
Lissy,Dumingo
Anne,Skeech
Anne,Eaglesham
Anne,Speedy
Elise,Eaglesham
Tandi,Speedy
Wilbert,Romero
Iggie,Chumley
Iggie,Liggins
Iggie,Simpole
Major,Simpole
Lissy,Dumingo
Anne,Skeech
Anne,Eaglesham
Anne,Speedy
Elise,Eaglesham
Tandi,Speedy
Wilbert,Romero
Iggie,Chumley
Iggie,Liggins
Iggie,Simpole
Major,Simpole
Lissy,Dumingo
Anne,Skeech
Anne,Eaglesham
Anne,Speedy
Elise,Eaglesham
Tandi,Speedy
Wilbert,Romero
Iggie,Chumley
Iggie,Liggins
Iggie,Simpole
Major,Simpole
Lissy,Dumingo
Anne,Skeech
Anne,Eaglesham
Anne,Speedy
Elise,Eaglesham
Tandi,Speedy
Wilbert,Romero
Iggie,Chumley
Iggie,Liggins
Iggie,Simpole
Major,Simpole
Lissy,Dumingo
Anne,Skeech
Anne,Eaglesham
Anne,Speedy
Elise,Eaglesham
Tandi,Speedy
Wilbert,Romero
Iggie,Chumley
Iggie,Liggins
Iggie,Simpole
Major,Simpole
Lissy,Dumingo
Anne,Skeech
Anne,Eaglesham
Anne,Speedy
Elise,Eaglesham
Tandi,Speedy
Wilbert,Romero
Iggie,Chumley
Iggie,Liggins
Iggie,Simpole
Major,Simpole
Lissy,Dumingo
Anne,Skeech
Anne,Eaglesham
Anne,Speedy
Elise,Eaglesham
Tandi,Speedy
Wilbert,Romero
Iggie,Chumley
Iggie,Liggins
Iggie,Simpole
Major,Simpole
Lissy,Dumingo
Anne,Skeech
Anne,Eaglesham
Anne,Speedy
Elise,Eaglesham
Tandi,Speedy
Wilbert,Romero
Iggie,Chumley
Iggie,Liggins
Iggie,Simpole
Major,Simpole
Lissy,Dumingo
Anne,Skeech
Anne,Eaglesham
Anne,Speedy
Elise,Eaglesham
Tandi,Speedy
Wilbert,Romero
Iggie,Chumley
Iggie,Liggins
Iggie,Simpole
Major,Simpole
Lissy,Dumingo
Anne,Skeech
Anne,Eaglesham
Anne,Speedy
Elise,Eaglesham
Tandi,Speedy
Wilbert,Romero
Iggie,Chumley
Iggie,Liggins
Iggie,Simpole
Major,Simpole
Lissy,Dumingo
Anne,Skeech
Anne,Eaglesham
Anne,Speedy
Elise,Eaglesham
Tandi,Speedy
Wilbert,Romero
Iggie,Chumley
Iggie,Liggins
Iggie,Simpole
Major,Simpole
Lissy,Dumingo
Anne,Skeech
Anne,Eaglesham
Anne,Speedy
Elise,Eaglesham
Tandi,Speedy
Wilbert,Romero
Iggie,Chumley
Iggie,Liggins
Iggie,Simpole
Major,Simpole
Lissy,Dumingo
Anne,Skeech
Anne,Eaglesham
Anne,Speedy
Elise,Eaglesham
Tandi,Speedy
Wilbert,Romero
Iggie,Chumley
Iggie,Liggins
Iggie,Simpole
Major,Simpole
Lissy,Dumingo
Anne,Skeech
Anne,Eaglesham
Anne,Speedy
Elise,Eaglesham
Tandi,Speedy
Wilbert,Romero
Iggie,Chumley
Iggie,Liggins
Iggie,Simpole
Major,Simpole
Lissy,Dumingo
Anne,Skeech
Anne,Eaglesham
Anne,Speedy
Elise,Eaglesham
Tandi,Speedy
Wilbert,Romero
Iggie,Chumley
Iggie,Liggins
Iggie,Simpole
Major,Simpole
Lissy,Dumingo
Anne,Skeech
Anne,Eaglesham
Anne,Speedy
Elise,Eaglesham
Tandi,Speedy
Wilbert,Romero
Iggie,Chumley
Iggie,Liggins
Iggie,Simpole
Major,Simpole
Lissy,Dumingo
Anne,Skeech
Anne,Eaglesham
Anne,Speedy
Elise,Eaglesham
Tandi,Speedy
Wilbert,Romero
Iggie,Chumley
Iggie,Liggins
Iggie,Simpole
Major,Simpole
Lissy,Dumingo
Anne,Skeech
Anne,Eaglesham
Anne,Speedy
Elise,Eaglesham
Tandi,Speedy
Wilbert,Romero
Iggie,Chumley
Iggie,Liggins
Iggie,Simpole
Major,Simpole
Lissy,Dumingo
Anne,Skeech
Anne,Eaglesham
Anne,Speedy
Elise,Eaglesham
Tandi,Speedy
Wilbert,Romero
Iggie,Chumley
Iggie,Liggins
Iggie,Simpole
Major,Simpole
Lissy,Dumingo
Anne,Skeech
Anne,Eaglesham
Anne,Speedy
Elise,Eaglesham
Tandi,Speedy
Wilbert,Romero
Iggie,Chumley
Iggie,Liggins
Iggie,Simpole
Major,Simpole
Lissy,Dumingo
Anne,Skeech
Anne,Eaglesham
Anne,Speedy
Elise,Eaglesham
Tandi,Speedy
Wilbert,Romero
Iggie,Chumley
Iggie,Liggins
Iggie,Simpole
Major,Simpole
Lissy,Dumingo
Anne,Skeech
Anne,Eaglesham
Anne,Speedy
Elise,Eaglesham
Tandi,Speedy
Wilbert,Romero
Iggie,Chumley
Iggie,Liggins
Iggie,Simpole
Major,Simpole
Lissy,Dumingo
Anne,Skeech
Anne,Eaglesham
Anne,Speedy
Elise,Eaglesham
Tandi,Speedy
Wilbert,Romero
Iggie,Chumley
Iggie,Liggins
Iggie,Simpole
Major,Simpole
Lissy,Dumingo
Anne,Skeech
Anne,Eaglesham
Anne,Speedy
Elise,Eaglesham
Tandi,Speedy
Wilbert,Romero
Iggie,Chumley
Iggie,Liggins
Iggie,Simpole
Major,Simpole
Lissy,Dumingo
Anne,Skeech
Anne,Eaglesham
Anne,Speedy
Elise,Eaglesham
Tandi,Speedy
Wilbert,Romero
Iggie,Chumley
Iggie,Liggins
Iggie,Simpole
Major,Simpole
Lissy,Dumingo
Anne,Skeech
Anne,Eaglesham
Anne,Speedy
Elise,Eaglesham
Tandi,Speedy
Wilbert,Romero
Iggie,Chumley
Iggie,Liggins
Iggie,Simpole
Major,Simpole
Lissy,Dumingo
Anne,Skeech
Anne,Eaglesham
Anne,Speedy
Elise,Eaglesham
Tandi,Speedy
Wilbert,Romero
Iggie,Chumley
Iggie,Liggins
Iggie,Simpole
Major,Simpole
Lissy,Dumingo
Anne,Skeech
Anne,Eaglesham
Anne,Speedy
Elise,Eaglesham
Tandi,Speedy
Wilbert,Romero
Iggie,Chumley
Iggie,Liggins
Iggie,Simpole
Major,Simpole
Lissy,Dumingo
Anne,Skeech
Anne,Eaglesham
Anne,Speedy
Elise,Eaglesham
Tandi,Speedy
Wilbert,Romero
Iggie,Chumley
Iggie,Liggins
Iggie,Simpole
Major,Simpole
Lissy,Dumingo
Anne,Skeech
Anne,Eaglesham
Anne,Speedy
Elise,Eaglesham
Tandi,Speedy
Wilbert,Romero
Iggie,Chumley
Iggie,Liggins
Iggie,Simpole
Major,Simpole
Lissy,Dumingo
Anne,Skeech
Anne,Eaglesham
Anne,Speedy
Elise,Eaglesham
Tandi,Speedy
Wilbert,Romero
Iggie,Chumley
Iggie,Liggins
Iggie,Simpole
Major,Simpole
Lissy,Dumingo
Anne,Skeech
Anne,Eaglesham
Anne,Speedy
Elise,Eaglesham
Tandi,Speedy
Wilbert,Romero
Iggie,Chumley
Iggie,Liggins
Iggie,Simpole
Major,Simpole
Lissy,Dumingo
Anne,Skeech
Anne,Eaglesham
Anne,Speedy
Elise,Eaglesham
Tandi,Speedy
Wilbert,Romero
Iggie,Chumley
Iggie,Liggins
Iggie,Simpole
Major,Simpole
Lissy,Dumingo
Anne,Skeech
Anne,Eaglesham
Anne,Speedy
Elise,Eaglesham
Tandi,Speedy
Wilbert,Romero
Iggie,Chumley
Iggie,Liggins
Iggie,Simpole
Major,Simpole
Lissy,Dumingo
Anne,Skeech
Anne,Eaglesham
Anne,Speedy
Elise,Eaglesham
Tandi,Speedy
Wilbert,Romero
Iggie,Chumley
Iggie,Liggins
Iggie,Simpole
Major,Simpole
Lissy,Dumingo
Anne,Skeech
Anne,Eaglesham
Anne,Speedy
Elise,Eaglesham
Tandi,Speedy
